url,status,reason
https://thepaymentsassociation.org/gallery/ephome-summer-party-2016,DELETE_CANDIDATE,Old gallery page from 2016
https://thepaymentsassociation.org/gallery/ephome-summer-party-2017,DELETE_CANDIDATE,Old gallery page from 2017
https://thepaymentsassociation.org/gallery/ephome-summer-party-2018,DELETE_CANDIDATE,Old gallery page from 2018
https://thepaymentsassociation.org/gallery/ephome-summer-party-2019,DELETE_CANDIDATE,Old gallery page from 2019
https://thepaymentsassociation.org/gallery/ephome-summer-party-2021,DELETE_CANDIDATE,Old gallery page from 2021
https://thepaymentsassociation.org/gallery/financial-crime-360-2021,DELETE_CANDIDATE,Old gallery page from 2021
https://thepaymentsassociation.org/gallery/financial-crime-360-2022,DELETE_CANDIDATE,Old gallery page from 2022
https://thepaymentsassociation.org/gallery/gdpr-hot-topic-briefing-2017,DELETE_CANDIDATE,Old gallery page from 2017
https://thepaymentsassociation.org/gallery/pacity-christmas-party-2022,DELETE_CANDIDATE,Old gallery page from 2022
https://thepaymentsassociation.org/gallery/pahome-summer-party-2022,DELETE_CANDIDATE,Old gallery page from 2022
https://thepaymentsassociation.org/gallery/passport-to-the-regulators-2017,DELETE_CANDIDATE,Old gallery page from 2017
https://thepaymentsassociation.org/gallery/pay360-2018,DELETE_CANDIDATE,Old gallery page from 2018
https://thepaymentsassociation.org/gallery/pay360-2019,DELETE_CANDIDATE,Old gallery page from 2019
https://thepaymentsassociation.org/gallery/pay360-2022,DELETE_CANDIDATE,Old gallery page from 2022
https://thepaymentsassociation.org/gallery/pay360-digital-payments-2016,DELETE_CANDIDATE,Old gallery page from 2016
https://thepaymentsassociation.org/gallery/pay360-digital-payments-2017,DELETE_CANDIDATE,Old gallery page from 2017
https://thepaymentsassociation.org/gallery/retail-paytech-forum-2017,DELETE_CANDIDATE,Old gallery page from 2017
https://thepaymentsassociation.org/members/become-a-member,DUPLICATE,Possible duplicate of https://thepaymentsassociation.org/become-a-member
https://thepaymentsassociation.org/members/purchase-membership,DUPLICATE,Possible duplicate of https://thepaymentsassociation.org/purchase-membership
https://thepaymentsassociation.org/directory/5mins,REVIEW,Check if member is still active
https://thepaymentsassociation.org/directory/accomplish-financial,REVIEW,Check if member is still active
https://thepaymentsassociation.org/directory/aci-worldwide,REVIEW,Check if member is still active
https://thepaymentsassociation.org/directory/addleshaw-goddard,REVIEW,Check if member is still active
https://thepaymentsassociation.org/directory/alixpartners,REVIEW,Check if member is still active
https://thepaymentsassociation.org/directory/allen-overy-llp,REVIEW,Check if member is still active
https://thepaymentsassociation.org/directory/allica-bank,REVIEW,Check if member is still active
https://thepaymentsassociation.org/directory/american-express,REVIEW,Check if member is still active
https://thepaymentsassociation.org/directory/aml-rightsource,REVIEW,Check if member is still active
https://thepaymentsassociation.org/directory/andaria,REVIEW,Check if member is still active
https://thepaymentsassociation.org/directory/arf,REVIEW,Check if member is still active
https://thepaymentsassociation.org/directory/armadillopay,REVIEW,Check if member is still active
https://thepaymentsassociation.org/directory/ashurst-llp,REVIEW,Check if member is still active
https://thepaymentsassociation.org/directory/asos,REVIEW,Check if member is still active
https://thepaymentsassociation.org/directory/attenda,REVIEW,Check if member is still active
https://thepaymentsassociation.org/directory/aurum-solutions,REVIEW,Check if member is still active
https://thepaymentsassociation.org/directory/autorek,REVIEW,Check if member is still active
https://thepaymentsassociation.org/directory/aviel-tech,REVIEW,Check if member is still active
https://thepaymentsassociation.org/directory/avoided-io,REVIEW,Check if member is still active
https://thepaymentsassociation.org/directory/b-yond,REVIEW,Check if member is still active
https://thepaymentsassociation.org/directory/baker-mckenzie,REVIEW,Check if member is still active
https://thepaymentsassociation.org/directory/banking-circle,REVIEW,Check if member is still active
https://thepaymentsassociation.org/directory/barclaycard,REVIEW,Check if member is still active
https://thepaymentsassociation.org/directory/barclays,REVIEW,Check if member is still active
https://thepaymentsassociation.org/directory/bcb-group-2,REVIEW,Check if member is still active
https://thepaymentsassociation.org/directory/bdo-llp,REVIEW,Check if member is still active
https://thepaymentsassociation.org/directory/beruku,REVIEW,Check if member is still active
https://thepaymentsassociation.org/directory/bird-bird,REVIEW,Check if member is still active
https://thepaymentsassociation.org/directory/bluejack-connect-limited,REVIEW,Check if member is still active
https://thepaymentsassociation.org/directory/bottomline,REVIEW,Check if member is still active
https://thepaymentsassociation.org/directory/bpc,REVIEW,Check if member is still active
https://thepaymentsassociation.org/directory/bridge-advice-ltd,REVIEW,Check if member is still active
https://thepaymentsassociation.org/directory/bt-group,REVIEW,Check if member is still active
https://thepaymentsassociation.org/directory/burnley-fc,REVIEW,Check if member is still active
https://thepaymentsassociation.org/directory/capco,REVIEW,Check if member is still active
https://thepaymentsassociation.org/directory/cardaq-limited,REVIEW,Check if member is still active
https://thepaymentsassociation.org/directory/cellbunq-systems-ab,REVIEW,Check if member is still active
https://thepaymentsassociation.org/directory/chargebackstop,REVIEW,Check if member is still active
https://thepaymentsassociation.org/directory/cifas,REVIEW,Check if member is still active
https://thepaymentsassociation.org/directory/cleafy,REVIEW,Check if member is still active
https://thepaymentsassociation.org/directory/clearbank,REVIEW,Check if member is still active
https://thepaymentsassociation.org/directory/cohesive-architecture,REVIEW,Check if member is still active
https://thepaymentsassociation.org/directory/complyadvantage,REVIEW,Check if member is still active
https://thepaymentsassociation.org/directory/complyport-ltd,REVIEW,Check if member is still active
https://thepaymentsassociation.org/directory/convera,REVIEW,Check if member is still active
https://thepaymentsassociation.org/directory/copecto-gmbh,REVIEW,Check if member is still active
https://thepaymentsassociation.org/directory/cosegic,REVIEW,Check if member is still active
https://thepaymentsassociation.org/directory/crown-agents-bank,REVIEW,Check if member is still active
https://thepaymentsassociation.org/directory/dandelion-payments,REVIEW,Check if member is still active
https://thepaymentsassociation.org/directory/datawhisper-ltd,REVIEW,Check if member is still active
https://thepaymentsassociation.org/directory/dazn,REVIEW,Check if member is still active
https://thepaymentsassociation.org/directory/decta,REVIEW,Check if member is still active
https://thepaymentsassociation.org/directory/diners-club-international,REVIEW,Check if member is still active
https://thepaymentsassociation.org/directory/discover-global-network,REVIEW,Check if member is still active
https://thepaymentsassociation.org/directory/dojo,REVIEW,Check if member is still active
https://thepaymentsassociation.org/directory/dow-jones,REVIEW,Check if member is still active
https://thepaymentsassociation.org/directory/ecommpay-2,REVIEW,Check if member is still active
https://thepaymentsassociation.org/directory/elmore-insurance-brokers-limited,REVIEW,Check if member is still active
https://thepaymentsassociation.org/directory/endava,REVIEW,Check if member is still active
https://thepaymentsassociation.org/directory/enfuce,REVIEW,Check if member is still active
https://thepaymentsassociation.org/directory/equire,REVIEW,Check if member is still active
https://thepaymentsassociation.org/directory/ey,REVIEW,Check if member is still active
https://thepaymentsassociation.org/directory/fca,REVIEW,Check if member is still active
https://thepaymentsassociation.org/directory/featurespace,REVIEW,Check if member is still active
https://thepaymentsassociation.org/directory/federated-hermes-limited,REVIEW,Check if member is still active
https://thepaymentsassociation.org/directory/feedzai,REVIEW,Check if member is still active
https://thepaymentsassociation.org/directory/fero-payment-science,REVIEW,Check if member is still active
https://thepaymentsassociation.org/directory/fifth-third-bank,REVIEW,Check if member is still active
https://thepaymentsassociation.org/directory/fincrime-dynamics,REVIEW,Check if member is still active
https://thepaymentsassociation.org/directory/finscan,REVIEW,Check if member is still active
https://thepaymentsassociation.org/directory/fis,REVIEW,Check if member is still active
https://thepaymentsassociation.org/directory/fleetcor,REVIEW,Check if member is still active
https://thepaymentsassociation.org/directory/flutter-international,REVIEW,Check if member is still active
https://thepaymentsassociation.org/directory/flyfish,REVIEW,Check if member is still active
https://thepaymentsassociation.org/directory/fmpay,REVIEW,Check if member is still active
https://thepaymentsassociation.org/directory/fox-williams-llp,REVIEW,Check if member is still active
https://thepaymentsassociation.org/directory/freemarket-2,REVIEW,Check if member is still active
https://thepaymentsassociation.org/directory/fscom,REVIEW,Check if member is still active
https://thepaymentsassociation.org/directory/fujitsu-2,REVIEW,Check if member is still active
https://thepaymentsassociation.org/directory/fuse,REVIEW,Check if member is still active
https://thepaymentsassociation.org/directory/ganado-advocates,REVIEW,Check if member is still active
https://thepaymentsassociation.org/directory/gbxp,REVIEW,Check if member is still active
https://thepaymentsassociation.org/directory/gieseckedevrient,REVIEW,Check if member is still active
https://thepaymentsassociation.org/directory/gladius-assurance-services,REVIEW,Check if member is still active
https://thepaymentsassociation.org/directory/grant-thornton-uk-llp,REVIEW,Check if member is still active
https://thepaymentsassociation.org/directory/greenberg-traurig-llp,REVIEW,Check if member is still active
https://thepaymentsassociation.org/directory/griffin,REVIEW,Check if member is still active
https://thepaymentsassociation.org/directory/harrington-starr,REVIEW,Check if member is still active
https://thepaymentsassociation.org/directory/haysmac-llp,REVIEW,Check if member is still active
https://thepaymentsassociation.org/directory/heliosx-group,REVIEW,Check if member is still active
https://thepaymentsassociation.org/directory/herbert-smith-freehills-kramer-llp,REVIEW,Check if member is still active
https://thepaymentsassociation.org/directory/hewlett-packard-enterprise,REVIEW,Check if member is still active
https://thepaymentsassociation.org/directory/hive-quality-engineering-limited,REVIEW,Check if member is still active
https://thepaymentsassociation.org/directory/holiday-extras,REVIEW,Check if member is still active
https://thepaymentsassociation.org/directory/hy10-global-ltd,REVIEW,Check if member is still active
https://thepaymentsassociation.org/directory/iag-gbs-international-airlines-group,REVIEW,Check if member is still active
https://thepaymentsassociation.org/directory/id-pal,REVIEW,Check if member is still active
https://thepaymentsassociation.org/directory/idemia,REVIEW,Check if member is still active
https://thepaymentsassociation.org/directory/ifast-global-bank-limited,REVIEW,Check if member is still active
https://thepaymentsassociation.org/directory/ifx-payments,REVIEW,Check if member is still active
https://thepaymentsassociation.org/directory/intrepid-fox,REVIEW,Check if member is still active
https://thepaymentsassociation.org/directory/kingfisher-plc,REVIEW,Check if member is still active
https://thepaymentsassociation.org/directory/kipp,REVIEW,Check if member is still active
https://thepaymentsassociation.org/directory/kl-gates,REVIEW,Check if member is still active
https://thepaymentsassociation.org/directory/kpmg,REVIEW,Check if member is still active
https://thepaymentsassociation.org/directory/kraken,REVIEW,Check if member is still active
https://thepaymentsassociation.org/directory/kyckr,REVIEW,Check if member is still active
https://thepaymentsassociation.org/directory/lastminute-com,REVIEW,Check if member is still active
https://thepaymentsassociation.org/directory/latham-watkins,REVIEW,Check if member is still active
https://thepaymentsassociation.org/directory/lhv,REVIEW,Check if member is still active
https://thepaymentsassociation.org/directory/linklaters,REVIEW,Check if member is still active
https://thepaymentsassociation.org/directory/lloyds-banking-group,REVIEW,Check if member is still active
https://thepaymentsassociation.org/directory/lseg-risk-intelligence,REVIEW,Check if member is still active
https://thepaymentsassociation.org/directory/lucinity,REVIEW,Check if member is still active
https://thepaymentsassociation.org/directory/lynx-tech,REVIEW,Check if member is still active
https://thepaymentsassociation.org/directory/maayan-payments-ltd,REVIEW,Check if member is still active
https://thepaymentsassociation.org/directory/marriott-international,REVIEW,Check if member is still active
https://thepaymentsassociation.org/directory/mastercard,REVIEW,Check if member is still active
https://thepaymentsassociation.org/directory/metaprise-banking,REVIEW,Check if member is still active
https://thepaymentsassociation.org/directory/mobius-networks,REVIEW,Check if member is still active
https://thepaymentsassociation.org/directory/modulr,REVIEW,Check if member is still active
https://thepaymentsassociation.org/directory/money-carer,REVIEW,Check if member is still active
https://thepaymentsassociation.org/directory/moniepoint-gb,REVIEW,Check if member is still active
https://thepaymentsassociation.org/directory/mozarto,REVIEW,Check if member is still active
https://thepaymentsassociation.org/directory/my-eu-pay-ltd,REVIEW,Check if member is still active
https://thepaymentsassociation.org/directory/nasdaq-verafin,REVIEW,Check if member is still active
https://thepaymentsassociation.org/directory/nationwide,REVIEW,Check if member is still active
https://thepaymentsassociation.org/directory/natwest-2,REVIEW,Check if member is still active
https://thepaymentsassociation.org/directory/netcetera,REVIEW,Check if member is still active
https://thepaymentsassociation.org/directory/new-look,REVIEW,Check if member is still active
https://thepaymentsassociation.org/directory/nice-actimize,REVIEW,Check if member is still active
https://thepaymentsassociation.org/directory/nobo-finance-limited,REVIEW,Check if member is still active
https://thepaymentsassociation.org/directory/ocorian,REVIEW,Check if member is still active
https://thepaymentsassociation.org/directory/onlyfans,REVIEW,Check if member is still active
https://thepaymentsassociation.org/directory/optty,REVIEW,Check if member is still active
https://thepaymentsassociation.org/directory/oxygen-consultancy-ltd,REVIEW,Check if member is still active
https://thepaymentsassociation.org/directory/pagonxt,REVIEW,Check if member is still active
https://thepaymentsassociation.org/directory/pangea-consulting,REVIEW,Check if member is still active
https://thepaymentsassociation.org/directory/pay-easy,REVIEW,Check if member is still active
https://thepaymentsassociation.org/directory/payabl,REVIEW,Check if member is still active
https://thepaymentsassociation.org/directory/payall,REVIEW,Check if member is still active
https://thepaymentsassociation.org/directory/payally,REVIEW,Check if member is still active
https://thepaymentsassociation.org/directory/paydo,REVIEW,Check if member is still active
https://thepaymentsassociation.org/directory/paymentology,REVIEW,Check if member is still active
https://thepaymentsassociation.org/directory/paynetics,REVIEW,Check if member is still active
https://thepaymentsassociation.org/directory/paysecure,REVIEW,Check if member is still active
https://thepaymentsassociation.org/directory/paysend-2,REVIEW,Check if member is still active
https://thepaymentsassociation.org/directory/persici,REVIEW,Check if member is still active
https://thepaymentsassociation.org/directory/pkf-littlejohn-llp,REVIEW,Check if member is still active
https://thepaymentsassociation.org/directory/post-office,REVIEW,Check if member is still active
https://thepaymentsassociation.org/directory/pozitive-payments-ltd,REVIEW,Check if member is still active
https://thepaymentsassociation.org/directory/prepay-solutions,REVIEW,Check if member is still active
https://thepaymentsassociation.org/directory/prezzee,REVIEW,Check if member is still active
https://thepaymentsassociation.org/directory/projective-group,REVIEW,Check if member is still active
https://thepaymentsassociation.org/directory/pxp,REVIEW,Check if member is still active
https://thepaymentsassociation.org/directory/pxp-financial,REVIEW,Check if member is still active
https://thepaymentsassociation.org/directory/quantum-data-engines,REVIEW,Check if member is still active
https://thepaymentsassociation.org/directory/qurated-network,REVIEW,Check if member is still active
https://thepaymentsassociation.org/directory/ramparts,REVIEW,Check if member is still active
https://thepaymentsassociation.org/directory/relopay,REVIEW,Check if member is still active
https://thepaymentsassociation.org/directory/relycomply,REVIEW,Check if member is still active
https://thepaymentsassociation.org/directory/resistant-ai,REVIEW,Check if member is still active
https://thepaymentsassociation.org/directory/resistant-ai-2,REVIEW,Check if member is still active
https://thepaymentsassociation.org/directory/ripple,REVIEW,Check if member is still active
https://thepaymentsassociation.org/directory/rivero-ltd,REVIEW,Check if member is still active
https://thepaymentsassociation.org/directory/santander,REVIEW,Check if member is still active
https://thepaymentsassociation.org/directory/sardine,REVIEW,Check if member is still active
https://thepaymentsassociation.org/directory/sbs,REVIEW,Check if member is still active
https://thepaymentsassociation.org/directory/screwfix,REVIEW,Check if member is still active
https://thepaymentsassociation.org/directory/sends,REVIEW,Check if member is still active
https://thepaymentsassociation.org/directory/shoosmiths,REVIEW,Check if member is still active
https://thepaymentsassociation.org/directory/sidley-austin-llp,REVIEW,Check if member is still active
https://thepaymentsassociation.org/directory/silent-eight,REVIEW,Check if member is still active
https://thepaymentsassociation.org/directory/sky,REVIEW,Check if member is still active
https://thepaymentsassociation.org/directory/skyparlour,REVIEW,Check if member is still active
https://thepaymentsassociation.org/directory/slaughter-may,REVIEW,Check if member is still active
https://thepaymentsassociation.org/directory/smeb-limited,REVIEW,Check if member is still active
https://thepaymentsassociation.org/directory/starling-bank,REVIEW,Check if member is still active
https://thepaymentsassociation.org/directory/stonex,REVIEW,Check if member is still active
https://thepaymentsassociation.org/directory/sumsub,REVIEW,Check if member is still active
https://thepaymentsassociation.org/directory/superbet,REVIEW,Check if member is still active
https://thepaymentsassociation.org/directory/swift,REVIEW,Check if member is still active
https://thepaymentsassociation.org/directory/swoosh-transfer,REVIEW,Check if member is still active
https://thepaymentsassociation.org/directory/systems-people-ltd,REVIEW,Check if member is still active
https://thepaymentsassociation.org/directory/tag-systems-uk-limited,REVIEW,Check if member is still active
https://thepaymentsassociation.org/directory/tapsilat,REVIEW,Check if member is still active
https://thepaymentsassociation.org/directory/tata-consultancy-services-limited,REVIEW,Check if member is still active
https://thepaymentsassociation.org/directory/tell-money,REVIEW,Check if member is still active
https://thepaymentsassociation.org/directory/tfl,REVIEW,Check if member is still active
https://thepaymentsassociation.org/directory/thales-2,REVIEW,Check if member is still active
https://thepaymentsassociation.org/directory/the-access-group,REVIEW,Check if member is still active
https://thepaymentsassociation.org/directory/the-bank-of-london,REVIEW,Check if member is still active
https://thepaymentsassociation.org/directory/the-chargeback-company,REVIEW,Check if member is still active
https://thepaymentsassociation.org/directory/the-co-op-group,REVIEW,Check if member is still active
https://thepaymentsassociation.org/directory/the-fintech-power-50-2,REVIEW,Check if member is still active
https://thepaymentsassociation.org/directory/thetaray,REVIEW,Check if member is still active
https://thepaymentsassociation.org/directory/thistle-initiatives,REVIEW,Check if member is still active
https://thepaymentsassociation.org/directory/thought-machine,REVIEW,Check if member is still active
https://thepaymentsassociation.org/directory/thredd,REVIEW,Check if member is still active
https://thepaymentsassociation.org/directory/tietoevry-2,REVIEW,Check if member is still active
https://thepaymentsassociation.org/directory/tiller-technologies,REVIEW,Check if member is still active
https://thepaymentsassociation.org/directory/tink,REVIEW,Check if member is still active
https://thepaymentsassociation.org/directory/torus,REVIEW,Check if member is still active
https://thepaymentsassociation.org/directory/trade-nation-financial-uk-ltd,REVIEW,Check if member is still active
https://thepaymentsassociation.org/directory/transact-payments-limited,REVIEW,Check if member is still active
https://thepaymentsassociation.org/directory/transactionlink,REVIEW,Check if member is still active
https://thepaymentsassociation.org/directory/travers-smith-llp,REVIEW,Check if member is still active
https://thepaymentsassociation.org/directory/trudenty-limited,REVIEW,Check if member is still active
https://thepaymentsassociation.org/directory/trust-payments,REVIEW,Check if member is still active
https://thepaymentsassociation.org/directory/tsb,REVIEW,Check if member is still active
https://thepaymentsassociation.org/directory/tsys,REVIEW,Check if member is still active
https://thepaymentsassociation.org/directory/tuum,REVIEW,Check if member is still active
https://thepaymentsassociation.org/directory/uber-payments-uk-limited,REVIEW,Check if member is still active
https://thepaymentsassociation.org/directory/ubiquity-2,REVIEW,Check if member is still active
https://thepaymentsassociation.org/directory/umca-technologies-2,REVIEW,Check if member is still active
https://thepaymentsassociation.org/directory/vend-tech-group,REVIEW,Check if member is still active
https://thepaymentsassociation.org/directory/verto,REVIEW,Check if member is still active
https://thepaymentsassociation.org/directory/vinted-pay-limited,REVIEW,Check if member is still active
https://thepaymentsassociation.org/directory/virgin-media-o2,REVIEW,Check if member is still active
https://thepaymentsassociation.org/directory/visa,REVIEW,Check if member is still active
https://thepaymentsassociation.org/directory/vivox-ai,REVIEW,Check if member is still active
https://thepaymentsassociation.org/directory/vixio,REVIEW,Check if member is still active
https://thepaymentsassociation.org/directory/vonage,REVIEW,Check if member is still active
https://thepaymentsassociation.org/directory/wallester,REVIEW,Check if member is still active
https://thepaymentsassociation.org/directory/we3d-technologies,REVIEW,Check if member is still active
https://thepaymentsassociation.org/directory/whitbread,REVIEW,Check if member is still active
https://thepaymentsassociation.org/directory/worlday,REVIEW,Check if member is still active
https://thepaymentsassociation.org/directory/worldline,REVIEW,Check if member is still active
https://thepaymentsassociation.org/directory/yaspa-ltd,REVIEW,Check if member is still active
https://thepaymentsassociation.org/directory/zen-uk-ltd,REVIEW,Check if member is still active
https://thepaymentsassociation.org/directory_cat/banks-issuers,REVIEW,Auto-generated category page — check if needed
https://thepaymentsassociation.org/directory_cat/benefactor,REVIEW,Auto-generated category page — check if needed
https://thepaymentsassociation.org/directory_cat/channels,REVIEW,Auto-generated category page — check if needed
https://thepaymentsassociation.org/directory_cat/consultation-response-contributor,REVIEW,Auto-generated category page — check if needed
https://thepaymentsassociation.org/directory_cat/enabling-technologies,REVIEW,Auto-generated category page — check if needed
https://thepaymentsassociation.org/directory_cat/exhibitor,REVIEW,Auto-generated category page — check if needed
https://thepaymentsassociation.org/directory_cat/fc360-exhibitor,REVIEW,Auto-generated category page — check if needed
https://thepaymentsassociation.org/directory_cat/fc360-gold-sponsor,REVIEW,Auto-generated category page — check if needed
https://thepaymentsassociation.org/directory_cat/fc360-headline-sponsor,REVIEW,Auto-generated category page — check if needed
https://thepaymentsassociation.org/directory_cat/fc360-host-bank-partner,REVIEW,Auto-generated category page — check if needed
https://thepaymentsassociation.org/directory_cat/fc360-lead-stream-sponsor,REVIEW,Auto-generated category page — check if needed
https://thepaymentsassociation.org/directory_cat/fc360-platinum-sponsor,REVIEW,Auto-generated category page — check if needed
https://thepaymentsassociation.org/directory_cat/fc360-silver-sponsor,REVIEW,Auto-generated category page — check if needed
https://thepaymentsassociation.org/directory_cat/fc360-strategic-partner,REVIEW,Auto-generated category page — check if needed
https://thepaymentsassociation.org/directory_cat/fraud-and-risk,REVIEW,Auto-generated category page — check if needed
https://thepaymentsassociation.org/directory_cat/leader,REVIEW,Auto-generated category page — check if needed
https://thepaymentsassociation.org/directory_cat/members,REVIEW,Auto-generated category page — check if needed
https://thepaymentsassociation.org/directory_cat/merchant,REVIEW,Auto-generated category page — check if needed
https://thepaymentsassociation.org/directory_cat/next-generation-payment-technology,REVIEW,Auto-generated category page — check if needed
https://thepaymentsassociation.org/directory_cat/observer,REVIEW,Auto-generated category page — check if needed
https://thepaymentsassociation.org/directory_cat/payment-networks-associations,REVIEW,Auto-generated category page — check if needed
https://thepaymentsassociation.org/directory_cat/payment-services,REVIEW,Auto-generated category page — check if needed
https://thepaymentsassociation.org/directory_cat/product-service-distributors,REVIEW,Auto-generated category page — check if needed
https://thepaymentsassociation.org/directory_cat/professional-services,REVIEW,Auto-generated category page — check if needed
https://thepaymentsassociation.org/directory_cat/project-knowledge-partner,REVIEW,Auto-generated category page — check if needed
https://thepaymentsassociation.org/directory_cat/regulatory-body,REVIEW,Auto-generated category page — check if needed
https://thepaymentsassociation.org/directory_cat/scaleup,REVIEW,Auto-generated category page — check if needed
https://thepaymentsassociation.org/directory_cat/security,REVIEW,Auto-generated category page — check if needed
https://thepaymentsassociation.org/directory_cat/working-group-members,REVIEW,Auto-generated category page — check if needed
https://thepaymentsassociation.org/event/ai-in-payments-tackling-fraud-strengthening-compliance-driving-efficiency,REVIEW,Past or upcoming event — check if still relevant
https://thepaymentsassociation.org/event/beyond-compliance-equipping-mlros-and-compliance-leaders-for-tomorrows-financial-crime-challenges,REVIEW,Past or upcoming event — check if still relevant
https://thepaymentsassociation.org/event/breakfast-in-the-boardroom-marketing-edition,REVIEW,Past or upcoming event — check if still relevant
https://thepaymentsassociation.org/event/delivering-the-uk-financial-inclusion-strategy,REVIEW,Past or upcoming event — check if still relevant
https://thepaymentsassociation.org/event/fcas-cp26-4-application-of-fca-handbook-for-regulated-cryptoasset-activities-part-2-consultation-evidence-session,REVIEW,Past or upcoming event — check if still relevant
https://thepaymentsassociation.org/event/financial-crime-360-3-november-2025,REVIEW,Past or upcoming event — check if still relevant
https://thepaymentsassociation.org/event/future-proofing-uk-payments-messaging-connectivity-orchestration-strategies-for-banks-and-nbfis,REVIEW,Past or upcoming event — check if still relevant
https://thepaymentsassociation.org/event/innovation-vs-risk-closing-the-trust-gap-in-instant-payments,REVIEW,Past or upcoming event — check if still relevant
https://thepaymentsassociation.org/event/its-time-to-change-the-status-quo-in-cross-border-payments,REVIEW,Past or upcoming event — check if still relevant
https://thepaymentsassociation.org/event/merchant-transact-2026-25th-and-26th-march,REVIEW,Past or upcoming event — check if still relevant
https://thepaymentsassociation.org/event/pathecity-february-2026,REVIEW,Past or upcoming event — check if still relevant
https://thepaymentsassociation.org/event/pay360-2026-25th-and-26th-march,REVIEW,Past or upcoming event — check if still relevant
https://thepaymentsassociation.org/event/pay360-awards-wednesday-1st-october-2025,REVIEW,Past or upcoming event — check if still relevant
https://thepaymentsassociation.org/event/pay360-mt360-2026,REVIEW,Past or upcoming event — check if still relevant
https://thepaymentsassociation.org/event/preparing-for-the-future-the-next-chapter-of-safeguarding,REVIEW,Past or upcoming event — check if still relevant
https://thepaymentsassociation.org/event/rewiring-the-cross-border-payments-paradigm-risk-and-security-in-correspondent-banking,REVIEW,Past or upcoming event — check if still relevant
https://thepaymentsassociation.org/event/the-pay360-awards-wednesday-7th-october-2026,REVIEW,Past or upcoming event — check if still relevant
https://thepaymentsassociation.org/event/the-payments-association-payments-101-online-training-course-january-2026,REVIEW,Past or upcoming event — check if still relevant
https://thepaymentsassociation.org/event/the-payments-association-regulations-101-online-training-course-february-2026,REVIEW,Past or upcoming event — check if still relevant
https://thepaymentsassociation.org/event/the-payments-association-regulations-101-online-training-course-may-2025,REVIEW,Past or upcoming event — check if still relevant
https://thepaymentsassociation.org/event/tpa-community-consultation-response-to-fcas-cp25-42-a-prudential-regime-for-cryptoasset-firms,REVIEW,Past or upcoming event — check if still relevant
https://thepaymentsassociation.org/event/why-do-banks-need-to-embrace-the-digital-wallet-revolution,REVIEW,Past or upcoming event — check if still relevant
https://thepaymentsassociation.org/event/workshop-frc-safeguarding-audit-industry-consultation-on-interim-guidance,REVIEW,Past or upcoming event — check if still relevant
https://thepaymentsassociation.org/filter_categories/consumer-and-commercial-payments,REVIEW,Auto-generated category page — check if needed
https://thepaymentsassociation.org/filter_categories/cross-border-payments,REVIEW,Auto-generated category page — check if needed
https://thepaymentsassociation.org/filter_categories/crypto-and-digital-currencies,REVIEW,Auto-generated category page — check if needed
https://thepaymentsassociation.org/filter_categories/diversity-sustainability,REVIEW,Auto-generated category page — check if needed
https://thepaymentsassociation.org/filter_categories/esg,REVIEW,Auto-generated category page — check if needed
https://thepaymentsassociation.org/filter_categories/financial-crime,REVIEW,Auto-generated category page — check if needed
https://thepaymentsassociation.org/filter_categories/future-of-payments,REVIEW,Auto-generated category page — check if needed
https://thepaymentsassociation.org/filter_categories/inclusion,REVIEW,Auto-generated category page — check if needed
https://thepaymentsassociation.org/filter_categories/inclusion-diversity-and-sustainability,REVIEW,Auto-generated category page — check if needed
https://thepaymentsassociation.org/filter_categories/international-markets,REVIEW,Auto-generated category page — check if needed
https://thepaymentsassociation.org/filter_categories/merchant-acquiring,REVIEW,Auto-generated category page — check if needed
https://thepaymentsassociation.org/filter_categories/open-banking,REVIEW,Auto-generated category page — check if needed
https://thepaymentsassociation.org/filter_categories/regulation-and-compliance,REVIEW,Auto-generated category page — check if needed
https://thepaymentsassociation.org/filter_categories/strategic-payments-platforms-and-infrastructure,REVIEW,Auto-generated category page — check if needed
https://thepaymentsassociation.org/filter_categories/talent-and-workplace,REVIEW,Auto-generated category page — check if needed
https://thepaymentsassociation.org,KEEP,Core site page
https://thepaymentsassociation.org/about,KEEP,Core site page
https://thepaymentsassociation.org/about/advisory-board,KEEP,Core site page
https://thepaymentsassociation.org/about/ambassadors,KEEP,Core site page
https://thepaymentsassociation.org/about/careers,KEEP,Core site page
https://thepaymentsassociation.org/about/the-payments-peddlers,KEEP,Core site page
https://thepaymentsassociation.org/article/2025-financial-crime-360-registrant-findings,KEEP,Content page
https://thepaymentsassociation.org/article/a-regulatory-regime-for-stablecoin-is-coming-heres-what-we-know,KEEP,Content page
https://thepaymentsassociation.org/article/ai-in-financial-crime-prevention-a-transformative-approach,KEEP,Content page
https://thepaymentsassociation.org/article/ai-in-payments-the-battle-against-frauds-evolving-threat,KEEP,Content page
https://thepaymentsassociation.org/article/ai-personalisation-in-payments-a-competitive-necessity-not-a-luxury,KEEP,Content page
https://thepaymentsassociation.org/article/ais-impact-on-payments-nvidias-vision-for-fraud-prevention-and-customer-engagement,KEEP,Content page
https://thepaymentsassociation.org/article/algorithmic-gatekeepers-the-hidden-bias-in-ai-payments,KEEP,Content page
https://thepaymentsassociation.org/article/analysed-the-future-of-point-of-sales-pos-systems,KEEP,Content page
https://thepaymentsassociation.org/article/announcement-optimus-is-now-optimus-money,KEEP,Content page
https://thepaymentsassociation.org/article/app-fraud-and-the-launch-of-the-rcms-platform-what-psps-need-to-do,KEEP,Content page
https://thepaymentsassociation.org/article/app-fraud-mid-year-review,KEEP,Content page
https://thepaymentsassociation.org/article/blog-financial-crime-360-state-of-the-industry-2025-four-insights-for-leaders,KEEP,Content page
https://thepaymentsassociation.org/article/blog-financial-crime-confidence-collapses-as-ai-emerges-as-industry-consensus,KEEP,Content page
https://thepaymentsassociation.org/article/blog-merchant-payments-face-regulatory-convergence-five-priorities-for-2025-2026,KEEP,Content page
https://thepaymentsassociation.org/article/blog-payments-regulation-roadmap-q4-2025-what-changing-why-it-matters,KEEP,Content page
https://thepaymentsassociation.org/article/bnpl-in-2025-regulation-reckoning-or-reinvention,KEEP,Content page
https://thepaymentsassociation.org/article/bridging-the-gap-reinventing-global-correspondence-in-emerging-markets-amidst-the-decline-of-traditional-banking-relationships,KEEP,Content page
https://thepaymentsassociation.org/article/building-inclusive-finance-through-lived-experience,KEEP,Content page
https://thepaymentsassociation.org/article/cbdcs-in-practice-what-weve-learned-from-the-early-movers,KEEP,Content page
https://thepaymentsassociation.org/article/challenging-convention-rethinking-payments-platforms-and-progress,KEEP,Content page
https://thepaymentsassociation.org/article/change-is-coming-to-bnpl-what-can-the-uk-learn-from-australia,KEEP,Content page
https://thepaymentsassociation.org/article/charting-the-future-developing-the-uks-national-payments-vision-and-strategy,KEEP,Content page
https://thepaymentsassociation.org/article/coding-cash-unveiling-the-new-frontier-of-programmable-money,KEEP,Content page
https://thepaymentsassociation.org/article/consumer-behaviour-trends-revealed,KEEP,Content page
https://thepaymentsassociation.org/article/consumer-duty-examined-the-gains-and-gaps,KEEP,Content page
https://thepaymentsassociation.org/article/crafting-security-australias-strategic-approach-to-combatting-fraud,KEEP,Content page
https://thepaymentsassociation.org/article/cross-border-payments-2026-friction-reform,KEEP,Content page
https://thepaymentsassociation.org/article/cross-border-payments-get-a-lift-as-us-and-uk-move-to-align-regulation,KEEP,Content page
https://thepaymentsassociation.org/article/customer-protection-a-regulatory-last-stand,KEEP,Content page
https://thepaymentsassociation.org/article/d-and-i-practices-the-payments-sector-2025-industry-survey-findings,KEEP,Content page
https://thepaymentsassociation.org/article/data-goldmine-or-liability-building-a-strategic-framework-in-payments,KEEP,Content page
https://thepaymentsassociation.org/article/data-sharing-revolutionising-financial-crime-prevention,KEEP,Content page
https://thepaymentsassociation.org/article/designing-tomorrows-payment-hub,KEEP,Content page
https://thepaymentsassociation.org/article/diana-carrasco-vime-shaping-the-digital-pound-at-the-bank-of-england,KEEP,Content page
https://thepaymentsassociation.org/article/embedded-payments-embedded-risk-the-crime-risks-hiding-in-ux-focused-fintech,KEEP,Content page
https://thepaymentsassociation.org/article/esg-101-why-isnt-the-industry-making-an-impact,KEEP,Content page
https://thepaymentsassociation.org/article/establishing-sustainable-commercial-models-for-open-banking-overcoming-the-quagmire,KEEP,Content page
https://thepaymentsassociation.org/article/examining-the-psrs-app-fraud-reimbursement-cap-change,KEEP,Content page
https://thepaymentsassociation.org/article/exploring-the-boes-digital-pound-pos-proof-of-concept,KEEP,Content page
https://thepaymentsassociation.org/article/fca-move-to-end-contactless-limits-what-leaders-need-to-know,KEEP,Content page
https://thepaymentsassociation.org/article/fighting-back-strategies-to-combat-identity-fraud,KEEP,Content page
https://thepaymentsassociation.org/article/financial-crime-360-state-of-the-industry-report-2025,KEEP,Content page
https://thepaymentsassociation.org/article/financial-crime-360-the-industry-leaders-fighting-fraud-on-the-ground,KEEP,Content page
https://thepaymentsassociation.org/article/financial-crime-exposed-navigating-2024s-biggest-threats-and-industry-insights,KEEP,Content page
https://thepaymentsassociation.org/article/fintech-under-scrutiny-what-the-government-should-prioritise-for-payments,KEEP,Content page
https://thepaymentsassociation.org/article/global-stablecoin-regulation-how-different-jurisdictions-are-shaping-digital-money,KEEP,Content page
https://thepaymentsassociation.org/article/how-central-bank-digital-currencies-cbdcs-can-enhance-cross-border-inefficiencies,KEEP,Content page
https://thepaymentsassociation.org/article/how-stablecoin-regulation-is-reshaping-payments-in-2026,KEEP,Content page
https://thepaymentsassociation.org/article/identity-risk-is-now-a-payments-problem-what-uk-fintechs-must-rethink-in-2026,KEEP,Content page
https://thepaymentsassociation.org/article/improving-financial-inclusion-with-cbdcs,KEEP,Content page
https://thepaymentsassociation.org/article/improving-the-fcas-complaints-reporting-process,KEEP,Content page
https://thepaymentsassociation.org/article/in-conversation-the-impact-of-geopolitical-tensions-on-cross-border-payments,KEEP,Content page
https://thepaymentsassociation.org/article/in-the-mind-of-the-merchant-top-challenges-and-priorities-for-the-next-12-months,KEEP,Content page
https://thepaymentsassociation.org/article/infrastructure-under-attack-are-uk-payments-systems-cyber-resilient,KEEP,Content page
https://thepaymentsassociation.org/article/ioscos-regulatory-blueprint-for-harmonising-digital-assets-and-crypto,KEEP,Content page
https://thepaymentsassociation.org/article/jrocs-recommendations-could-supercharge-open-bankings-future,KEEP,Content page
https://thepaymentsassociation.org/article/key-insights-in-navigating-fraud-in-open-banking,KEEP,Content page
https://thepaymentsassociation.org/article/leveraging-iso-20022-for-enhanced-cross-border-payments-and-fraud-prevention,KEEP,Content page
https://thepaymentsassociation.org/article/making-payments-decarbonisation-a-reality,KEEP,Content page
https://thepaymentsassociation.org/article/merchant-regulation-roadmap-q3,KEEP,Content page
https://thepaymentsassociation.org/article/merchant-regulation-roadmap-q4-2025,KEEP,Content page
https://thepaymentsassociation.org/article/money-mules-as-a-service-the-business-behind-criminal-cash-out-networks,KEEP,Content page
https://thepaymentsassociation.org/article/navigating-fcas-new-safeguarding-rules-for-payments-firms,KEEP,Content page
https://thepaymentsassociation.org/article/navigating-the-fcas-consumer-duty-key-insights-and-action-steps-for-payments-firms,KEEP,Content page
https://thepaymentsassociation.org/article/navigating-the-rising-cost-of-living-the-payments-association-calls-for-cohesion-on-financial-inclusion,KEEP,Content page
https://thepaymentsassociation.org/article/navigating-vop-implementation-for-sepa-instant-payments,KEEP,Content page
https://thepaymentsassociation.org/article/offline-settlements-with-a-digital-pound-lessons-from-the-boes-report,KEEP,Content page
https://thepaymentsassociation.org/article/open-banking-survey-2025-insights-from-500-uk-smes,KEEP,Content page
https://thepaymentsassociation.org/article/opening-the-black-box-how-explainable-ai-is-transforming-fraud-detection-in-payments,KEEP,Content page
https://thepaymentsassociation.org/article/overcoming-the-de-banking-dilemma-innovating-the-future-of-cross-border-payments,KEEP,Content page
https://thepaymentsassociation.org/article/pay360-2025-unpacked-key-survey-findings-shaping-the-future-of-payments,KEEP,Content page
https://thepaymentsassociation.org/article/pay360-the-payments-ecosystem-under-one-roof,KEEP,Content page
https://thepaymentsassociation.org/article/payment-voices-europes-banking-revival-wont-last,KEEP,Content page
https://thepaymentsassociation.org/article/payments-regulation-roadmap-q1-2026,KEEP,Content page
https://thepaymentsassociation.org/article/payments-regulation-roadmap-q4-2025,KEEP,Content page
https://thepaymentsassociation.org/article/paysecure-wins-best-payments-industry-newcomers-award,KEEP,Content page
https://thepaymentsassociation.org/article/paystrax-stablecoin-settlements-built-for-modern-and-reliable-cross-border-flows,KEEP,Content page
https://thepaymentsassociation.org/article/preparing-for-q-day-making-payments-quantum-safe,KEEP,Content page
https://thepaymentsassociation.org/article/reflecting-on-2024-a-transformative-year-in-payments-regulation,KEEP,Content page
https://thepaymentsassociation.org/article/regulators-and-central-banks-promoters-or-preventers-of-innovation,KEEP,Content page
https://thepaymentsassociation.org/article/retail-central-bank-digital-currency-motivations-opportunities-and-mistakes,KEEP,Content page
https://thepaymentsassociation.org/article/rethinking-cbdcs-addressing-design-flaws-and-privacy-concerns,KEEP,Content page
https://thepaymentsassociation.org/article/rewiring-cross-border-payments-paradigm-risk-and-security-in-correspondent-banking-confirmation,KEEP,Content page
https://thepaymentsassociation.org/article/rise-of-the-ecology-economy,KEEP,Content page
https://thepaymentsassociation.org/article/scroll-click-sell-navigating-the-risks-and-rewards-of-social-commerce,KEEP,Content page
https://thepaymentsassociation.org/article/shadow-chains-the-rise-of-private-settlement-networks,KEEP,Content page
https://thepaymentsassociation.org/article/shaping-the-future-of-payments-insights-from-the-industry,KEEP,Content page
https://thepaymentsassociation.org/article/sustainable-payments-innovating-for-our-financial-ecosystem,KEEP,Content page
https://thepaymentsassociation.org/article/synthetic-id-fraud-payments-invisible-enemy,KEEP,Content page
https://thepaymentsassociation.org/article/the-digital-pound-a-critical-analysis-of-its-evolution-and-future,KEEP,Content page
https://thepaymentsassociation.org/article/the-future-of-competitive-advantage-in-banking-payments-2025,KEEP,Content page
https://thepaymentsassociation.org/article/the-future-of-cross-border-payments-market-expansion-cbdcs-and-real-time-systems,KEEP,Content page
https://thepaymentsassociation.org/article/the-good-the-bad-the-ugly-european-payments-in-2026,KEEP,Content page
https://thepaymentsassociation.org/article/the-payments-association-joins-forces-with-nineteen-group-and-phoenix-equity-partners-to-accelerate-growth,KEEP,Content page
https://thepaymentsassociation.org/article/the-payments-trends-report-2025,KEEP,Content page
https://thepaymentsassociation.org/article/the-quest-for-operational-resilience-mastering-digital-transformation,KEEP,Content page
https://thepaymentsassociation.org/article/the-race-to-resilience-why-uk-and-eu-rules-will-redefine-financial-stability-by-2025,KEEP,Content page
https://thepaymentsassociation.org/article/the-role-of-trust-frameworks-in-enabling-an-open-finance-ecosystem,KEEP,Content page
https://thepaymentsassociation.org/article/the-state-of-open-banking-payments-in-the-uk-in-2026,KEEP,Content page
https://thepaymentsassociation.org/article/the-state-open-banking-regulation-worldwide-in-2025,KEEP,Content page
https://thepaymentsassociation.org/article/three-often-overlooked-realities-of-payments-profitability-in-the-uk-and-europe,KEEP,Content page
https://thepaymentsassociation.org/article/three-often-overlooked-realities-of-payments-profitability-in-the-uk-and-europe-2,KEEP,Content page
https://thepaymentsassociation.org/article/tokenisation-2-0-are-we-ready-for-the-next-generation-of-payment-security,KEEP,Content page
https://thepaymentsassociation.org/article/toward-financial-inclusion-shaping-a-national-strategy-for-the-uk,KEEP,Content page
https://thepaymentsassociation.org/article/uk-consumer-payment-trends-2025-insights-from-the-latest-behaviour-survey,KEEP,Content page
https://thepaymentsassociation.org/article/uk-trends-technology-2025-webinar,KEEP,Content page
https://thepaymentsassociation.org/article/understanding-the-2024-current-account-switch-what-the-numbers-really-say,KEEP,Content page
https://thepaymentsassociation.org/article/unlocking-innovation-in-payments-a-conversation-with-the-psrs-dan-moore,KEEP,Content page
https://thepaymentsassociation.org/article/unlocking-the-digital-euro-europes-currency-revolution,KEEP,Content page
https://thepaymentsassociation.org/article/unlocking-the-future-of-financial-crime-prevention,KEEP,Content page
https://thepaymentsassociation.org/article/unpacking-the-surge-in-current-account-switching-whats-driving-consumers-to-change-banks,KEEP,Content page
https://thepaymentsassociation.org/article/wallet-wars-how-digital-payments-are-reshaping-finance,KEEP,Content page
https://thepaymentsassociation.org/article/what-makes-a-winning-esg-initiative-an-interview-with-copecto-gmbh,KEEP,Content page
https://thepaymentsassociation.org/article/what-mica-means-for-payments-businesses-and-why-identity-verification-matters,KEEP,Content page
https://thepaymentsassociation.org/article/what-will-define-payments-in-2025,KEEP,Content page
https://thepaymentsassociation.org/article/why-merchants-should-fix-acceptance-rates-before-spending-more-on-lead-generation,KEEP,Content page
https://thepaymentsassociation.org/article/with-instant-payments-rising-aml-modernisation-is-a-must,KEEP,Content page
https://thepaymentsassociation.org/attendees,KEEP,Core site page
https://thepaymentsassociation.org/basket,KEEP,Core site page
https://thepaymentsassociation.org/become-a-member,KEEP,Core site page
https://thepaymentsassociation.org/consultations/consultation-paper-25-42-prudential-regime-for-cryptoasset-firms,KEEP,Core site page
https://thepaymentsassociation.org/consultations/tpa-response-to-fca-consultation-cp24-20-on-changes-to-the-safeguarding-regime-for-payments-and-e-money-firms,KEEP,Core site page
https://thepaymentsassociation.org/contact,KEEP,Core site page
https://thepaymentsassociation.org/create-account,KEEP,Core site page
https://thepaymentsassociation.org/editorial-calendar,KEEP,Core site page
https://thepaymentsassociation.org/events,KEEP,Core site page
https://thepaymentsassociation.org/events/list,KEEP,Core site page
https://thepaymentsassociation.org/events/month,KEEP,Core site page
https://thepaymentsassociation.org/events/today,KEEP,Core site page
https://thepaymentsassociation.org/financial-inclusion-working-group-digital-showcase,KEEP,Core site page
https://thepaymentsassociation.org/gallery,KEEP,Core site page
https://thepaymentsassociation.org/gallery/pathecity-christmas-party-2023,KEEP,Recent gallery page
https://thepaymentsassociation.org/gallery/pathecity-summer-party-sponsored-by-chargebacks911-2023,KEEP,Recent gallery page
https://thepaymentsassociation.org/gallery/pay360-2023,KEEP,Recent gallery page
https://thepaymentsassociation.org/hub,KEEP,Core site page
https://thepaymentsassociation.org/hub/payments-intelligence,KEEP,Core site page
https://thepaymentsassociation.org/marketing-services,KEEP,Core site page
https://thepaymentsassociation.org/members,KEEP,Core site page
https://thepaymentsassociation.org/members/terms-and-conditions-for-events-and-sponsorship,KEEP,Core site page
https://thepaymentsassociation.org/membership-terms-conditions,KEEP,Core site page
https://thepaymentsassociation.org/merchant-community-membership,KEEP,Core site page
https://thepaymentsassociation.org/merchant-community-membership-terms-and-conditions,KEEP,Core site page
https://thepaymentsassociation.org/merchants,KEEP,Core site page
https://thepaymentsassociation.org/opinion,KEEP,Core site page
https://thepaymentsassociation.org/our-events,KEEP,Core site page
https://thepaymentsassociation.org/payments-intelligence,KEEP,Core site page
https://thepaymentsassociation.org/payments-intelligence-join,KEEP,Core site page
https://thepaymentsassociation.org/payments-review,KEEP,Core site page
https://thepaymentsassociation.org/podcasts,KEEP,Core site page
https://thepaymentsassociation.org/policy,KEEP,Core site page
https://thepaymentsassociation.org/policy/government-departments,KEEP,Core site page
https://thepaymentsassociation.org/policy/our-campaigns,KEEP,Core site page
https://thepaymentsassociation.org/policy/parliamentary-committees-and-groups,KEEP,Core site page
https://thepaymentsassociation.org/policy/regulators,KEEP,Core site page
https://thepaymentsassociation.org/policy/stakeholder-updates,KEEP,Core site page
https://thepaymentsassociation.org/portfolio/project-financial-crime,KEEP,Core site page
https://thepaymentsassociation.org/portfolio/project-regulator,KEEP,Core site page
https://thepaymentsassociation.org/privacy-policy,KEEP,Core site page
https://thepaymentsassociation.org/protecting-your-data,KEEP,Core site page
https://thepaymentsassociation.org/search,KEEP,Core site page
https://thepaymentsassociation.org/secure-login,KEEP,Core site page
https://thepaymentsassociation.org/secure-login/step-1,KEEP,Core site page
https://thepaymentsassociation.org/shop,KEEP,Core site page
https://thepaymentsassociation.org/site/financial-crime-360,KEEP,Core site page
https://thepaymentsassociation.org/subscribe-to-payments-review,KEEP,Core site page
https://thepaymentsassociation.org/terms-and-conditions,KEEP,Core site page
https://thepaymentsassociation.org/the-payments-association-payments-101-online-training-course,KEEP,Core site page
https://thepaymentsassociation.org/the-payments-association-regulations-101-online-training-course,KEEP,Core site page
https://thepaymentsassociation.org/the-payments-association-regulations-101-online-training-course/%20,KEEP,Core site page
https://thepaymentsassociation.org/the-payments-manifesto,KEEP,Core site page
https://thepaymentsassociation.org/toolkits/esg-toolkit,KEEP,Core site page
https://thepaymentsassociation.org/training,KEEP,Core site page
https://thepaymentsassociation.org/venue/de-vere-grand-connaught-rooms-61-65-great-street-wc2b-5da,KEEP,Core site page
https://thepaymentsassociation.org/venue/excel-london,KEEP,Core site page
https://thepaymentsassociation.org/venue/jw-marriott-grosvenor-house,KEEP,Core site page
https://thepaymentsassociation.org/venue/old-billingsgate-market,KEEP,Core site page
https://thepaymentsassociation.org/venue/one-moorgate-place-london-ec2r-6ea,KEEP,Core site page
https://thepaymentsassociation.org/venue/the-union-regents-place-11-triton-st-london-nw1-3bf,KEEP,Core site page
https://thepaymentsassociation.org/webinar/how-payments-can-better-serve-those-navigating-the-cost-of-living-crisis,KEEP,Webinar page
https://thepaymentsassociation.org/webinar/how-to-combat-financial-crime-through-data-sharing-and-collaboration,KEEP,Webinar page
https://thepaymentsassociation.org/webinar/its-time-to-change-the-status-quo-in-cross-border-payments,KEEP,Webinar page
https://thepaymentsassociation.org/webinar/operational-resilience-crowdstrike-chaos-and-how-to-plan-for-disruption,KEEP,Webinar page
https://thepaymentsassociation.org/webinar/rewiring-the-cross-border-payments-paradigm-risk-and-security-on-correspondent-banking,KEEP,Webinar page
https://thepaymentsassociation.org/webinar/the-future-menu-of-cross-border-payments-fiat-stablecoins-or-a-hybrid,KEEP,Webinar page
https://thepaymentsassociation.org/webinar/the-practicalities-of-safeguarding,KEEP,Webinar page
https://thepaymentsassociation.org/webinar/what-will-incentivise-retailers-and-consumers-to-switch-to-open-banking,KEEP,Webinar page
https://thepaymentsassociation.org/whitepaper/2024-business-payments-outlook,KEEP,Content page
https://thepaymentsassociation.org/whitepaper/2024-new-value-europe-digital-asset-trends-in-business-and-beyond,KEEP,Content page
https://thepaymentsassociation.org/whitepaper/2024-new-value-europe-payments-trends-in-business-and-beyond,KEEP,Content page
https://thepaymentsassociation.org/whitepaper/a-guide-to-financial-crime-and-sepa-instant-payments,KEEP,Content page
https://thepaymentsassociation.org/whitepaper/a-guide-to-making-your-transactions-seamless-in-2024,KEEP,Content page
https://thepaymentsassociation.org/whitepaper/all-aboard-the-role-of-the-fintech-industry-in-solving-the-problems-of-financial-exclusion,KEEP,Content page
https://thepaymentsassociation.org/whitepaper/an-aml-risk-assessment-for-the-payments-sector,KEEP,Content page
https://thepaymentsassociation.org/whitepaper/are-digital-currencies-the-evolving-future-of-payments,KEEP,Content page
https://thepaymentsassociation.org/whitepaper/are-you-ready-for-2024,KEEP,Content page
https://thepaymentsassociation.org/whitepaper/are-you-ready-for-the-new-safeguarding-rules,KEEP,Content page
https://thepaymentsassociation.org/whitepaper/beyond-the-pin-a-practical-approach-to-financial-inclusion-for-banks-secure-accessible-payment-options,KEEP,Content page
https://thepaymentsassociation.org/whitepaper/building-future-ready-banking-and-payments-operations,KEEP,Content page
https://thepaymentsassociation.org/whitepaper/carbon-emissions-framework,KEEP,Content page
https://thepaymentsassociation.org/whitepaper/carbon-emissions-framework-get-started-guide,KEEP,Content page
https://thepaymentsassociation.org/whitepaper/chargebacks911s-2024-chargeback-field-report,KEEP,Content page
https://thepaymentsassociation.org/whitepaper/chargebacks911s-2025-cardholder-dispute-index,KEEP,Content page
https://thepaymentsassociation.org/whitepaper/charting-the-future-of-cross-border-payments,KEEP,Content page
https://thepaymentsassociation.org/whitepaper/coding-cash-exploring-the-horizon-of-programmable-money-and-payments,KEEP,Content page
https://thepaymentsassociation.org/whitepaper/customer-disputes-a-review-of-chargebacks-and-double-credits-an-epa-whitepaper,KEEP,Content page
https://thepaymentsassociation.org/whitepaper/customer-loyalty-reimagined,KEEP,Content page
https://thepaymentsassociation.org/whitepaper/data-sharing-to-prevent-economic-crime,KEEP,Content page
https://thepaymentsassociation.org/whitepaper/defeating-app-fraud-how-to-ensure-going-global-brings-rewards-not-risks,KEEP,Content page
https://thepaymentsassociation.org/whitepaper/defeating-invisible-threats-a-new-era-in-fraud-detection-and-prevention,KEEP,Content page
https://thepaymentsassociation.org/whitepaper/digital-assets-demystified,KEEP,Content page
https://thepaymentsassociation.org/whitepaper/domain-driven-design-and-the-future-of-payments,KEEP,Content page
https://thepaymentsassociation.org/whitepaper/empowering-smes-in-the-digital-economy,KEEP,Content page
https://thepaymentsassociation.org/whitepaper/enhancing-stablecoin-regulation-how-to-support-the-uks-global-competitiveness,KEEP,Content page
https://thepaymentsassociation.org/whitepaper/fintech-2025-trends-technology-and-transformation-in-global-commerce,KEEP,Content page
https://thepaymentsassociation.org/whitepaper/foolproofing-icaras-for-2024,KEEP,Content page
https://thepaymentsassociation.org/whitepaper/from-alerts-to-insight-proactive-strategies-for-combating-advanced-fraud-in-modern-banking,KEEP,Content page
https://thepaymentsassociation.org/whitepaper/futureproofing-payments-tech-the-challenges-facing-cios-and-ctos,KEEP,Content page
https://thepaymentsassociation.org/whitepaper/glossary-of-key-ai-terms-for-the-payments-industry,KEEP,Content page
https://thepaymentsassociation.org/whitepaper/how-bnpl-is-changing-the-credit-market,KEEP,Content page
https://thepaymentsassociation.org/whitepaper/how-to-boost-business-growth-with-the-right-payments-solution,KEEP,Content page
https://thepaymentsassociation.org/whitepaper/improving-accessibility-in-payments-a-70bn-opportunity,KEEP,Content page
https://thepaymentsassociation.org/whitepaper/intelligence-as-defence-sharing-threat-intelligence-to-fight-financial-threats,KEEP,Content page
https://thepaymentsassociation.org/whitepaper/is-your-checkout-black-friday-ready,KEEP,Content page
https://thepaymentsassociation.org/whitepaper/iso-20022-a-game-changer-for-debit-card-issuers-are-you-ready,KEEP,Content page
https://thepaymentsassociation.org/whitepaper/keeping-pace-with-geopolitics-and-sanctions,KEEP,Content page
https://thepaymentsassociation.org/whitepaper/low-cost-high-tech-credit-sponsored-by-solving-financial-inclusion-through-innovation,KEEP,Content page
https://thepaymentsassociation.org/whitepaper/mastercard-consumer-experience-is-the-new-competitive-differentiator-for-prepaid-programs,KEEP,Content page
https://thepaymentsassociation.org/whitepaper/money-mules-revealed-exposing-mule-strategies-global-impacts-and-the-urgent-need-for-real-time-detection,KEEP,Content page
https://thepaymentsassociation.org/whitepaper/navigating-the-new-opportunities-for-corporate-payment-cards,KEEP,Content page
https://thepaymentsassociation.org/whitepaper/navigating-the-next-wave-of-cross-border-payments-can-innovation-conquer-the-challenges-ahead,KEEP,Content page
https://thepaymentsassociation.org/whitepaper/navigating-the-rising-cost-of-living,KEEP,Content page
https://thepaymentsassociation.org/whitepaper/new-whitepaper-exposes-the-short-comings-of-de-banking-removing-risk-from-banks-involved-in-cross-border-payments-and-argues-tech-is-the-solution,KEEP,Content page
https://thepaymentsassociation.org/whitepaper/next-generation-acquiring-a-new-reality-of-the-digital-ready-future,KEEP,Content page
https://thepaymentsassociation.org/whitepaper/open-banking-benefits-for-smes,KEEP,Content page
https://thepaymentsassociation.org/whitepaper/optimizing-the-cnp-false-decline-problem-how-issuers-and-merchants-can-collaborate-to-approve-more,KEEP,Content page
https://thepaymentsassociation.org/whitepaper/payments-in-change-where-is-the-journey-headed,KEEP,Content page
https://thepaymentsassociation.org/whitepaper/power-to-the-people-how-open-banking-is-transforming-how-we-access-and-manage-our-money,KEEP,Content page
https://thepaymentsassociation.org/whitepaper/preventing-fraud-before-funds-move-a-realistic-strategy-for-banks-to-combat-scams-and-money-mules,KEEP,Content page
https://thepaymentsassociation.org/whitepaper/psps-of-the-future-beyond-acquiring-to-an-all-in-one-financial-platform-a-thought-leadership-paper-by-aci-worldwide-and-paynetics,KEEP,Content page
https://thepaymentsassociation.org/whitepaper/redefining-community-finance,KEEP,Content page
https://thepaymentsassociation.org/whitepaper/report-what-cross-border-payment-challenges-do-members-of-the-payments-association-face-today,KEEP,Content page
https://thepaymentsassociation.org/whitepaper/rtgs-renewal-a-new-era-for-chaps,KEEP,Content page
https://thepaymentsassociation.org/whitepaper/safeguarding-compliance-report-july-2024-june-2025,KEEP,Content page
https://thepaymentsassociation.org/whitepaper/safeguarding-how-payment-and-e-money-firms-can-stay-compliant-with-cass-15,KEEP,Content page
https://thepaymentsassociation.org/whitepaper/successful-testing-paves-way-for-cbdc-use-cross-border,KEEP,Content page
https://thepaymentsassociation.org/whitepaper/sustainability-superheroes-a-how-to-guide-to-esg-for-fintechs,KEEP,Content page
https://thepaymentsassociation.org/whitepaper/sustainable-digital-payments-measuring-carbon-emissions-in-the-payments-chain,KEEP,Content page
https://thepaymentsassociation.org/whitepaper/swift-application-programming-interfaces-delivering-a-global-platform-for-the-financial-services-api-economy,KEEP,Content page
https://thepaymentsassociation.org/whitepaper/the-account-to-account-payments-tightrope,KEEP,Content page
https://thepaymentsassociation.org/whitepaper/the-challenge-of-peps-a-comprehensive-guide,KEEP,Content page
https://thepaymentsassociation.org/whitepaper/the-fcas-consumer-duty-rules-what-you-need-to-know,KEEP,Content page
https://thepaymentsassociation.org/whitepaper/the-future-of-business-payments-2025-technology-transformation,KEEP,Content page
https://thepaymentsassociation.org/whitepaper/the-future-of-payments-how-fraud-is-reshaping-the-payments-ecosystem,KEEP,Content page
https://thepaymentsassociation.org/whitepaper/the-future-of-payments-operations-2025-why-legacy-technology-is-no-longer-sustainable,KEEP,Content page
https://thepaymentsassociation.org/whitepaper/the-future-of-payments-operations-agentic-ai-and-the-rise-of-digital-colleagues,KEEP,Content page
https://thepaymentsassociation.org/whitepaper/the-impact-of-app-fraud-on-cross-border-payments,KEEP,Content page
https://thepaymentsassociation.org/whitepaper/the-long-and-winding-road-to-sca,KEEP,Content page
https://thepaymentsassociation.org/whitepaper/the-optimal-solution-to-payment-system-architecture,KEEP,Content page
https://thepaymentsassociation.org/whitepaper/the-practical-uses-of-prepaid-cards-in-councils-mastercard,KEEP,Content page
https://thepaymentsassociation.org/whitepaper/the-state-of-european-checkouts-consumer-expectations-payment-preferences-and-security-insights-to-boost-conversion-rates,KEEP,Content page
https://thepaymentsassociation.org/whitepaper/the-state-of-financial-crime-2024-2,KEEP,Content page
https://thepaymentsassociation.org/whitepaper/the-state-of-financial-crime-2025,KEEP,Content page
https://thepaymentsassociation.org/whitepaper/the-state-of-financial-crime-2026,KEEP,Content page
https://thepaymentsassociation.org/whitepaper/three-years-on-from-bangladesh,KEEP,Content page
https://thepaymentsassociation.org/whitepaper/top-uk-retailers-report-positive-revenue-impact-from-embedded-finance,KEEP,Content page
https://thepaymentsassociation.org/whitepaper/transforming-business-payments-exploring-the-future-of-financial-connectivity,KEEP,Content page
https://thepaymentsassociation.org/whitepaper/unleashing-the-potential-of-open-banking,KEEP,Content page
https://thepaymentsassociation.org/whitepaper/unlock-the-future-of-card-issuance-with-cards-as-a-service-and-the-power-of-strategic-partnerships-with-paymentology-mastercard-and-audax,KEEP,Content page
https://thepaymentsassociation.org/whitepaper/unlocking-growth-through-innovation-the-economic-impact-of-inclusion,KEEP,Content page
https://thepaymentsassociation.org/whitepaper/unlocking-the-potential-of-programmable-money-in-the-digital-age,KEEP,Content page
https://thepaymentsassociation.org/whitepaper/virtual-cards-how-companies-can-unlock-the-5-trillion-bionic-b2b-opportunity,KEEP,Content page
https://thepaymentsassociation.org/whitepaper/white-paper-simplify-and-save-the-next-evolution-of-international-payments,KEEP,Content page
https://thepaymentsassociation.org/whitepaper/why-the-world-wants-metal-cards-the-emerging-consumer-segments-driving-demand,KEEP,Content page
https://thepaymentsassociation.org/whitepaper/your-guide-to-uk-payments-in-2020,KEEP,Content page
https://thepaymentsassociation.org/whitepapers,KEEP,Core site page
https://thepaymentsassociation.org/working-groups,KEEP,Core site page
https://thepaymentsassociation.org/working-groups/cross-border,KEEP,Core site page
https://thepaymentsassociation.org/working-groups/digital-currencies,KEEP,Core site page
https://thepaymentsassociation.org/working-groups/esg,KEEP,Core site page
https://thepaymentsassociation.org/working-groups/financial-crime,KEEP,Core site page
https://thepaymentsassociation.org/working-groups/inclusion,KEEP,Core site page
https://thepaymentsassociation.org/working-groups/merchant-payments,KEEP,Core site page
https://thepaymentsassociation.org/working-groups/open-banking,KEEP,Core site page
https://thepaymentsassociation.org/working-groups/regulatory,KEEP,Core site page
webcal://thepaymentsassociation.org,KEEP,Core site page